<?xml version='1.0' encoding='UTF-8' standalone='yes' ?>
<dirinfo>
<files>
<item key='GWight_UnderTheInfluence_Benzedrine_2012_L.jpg20171014232633' />
<item key='GWight_UnderTheInfluence_Benzedrine_2012_S.jpg20171014233052' />
<item key='GWight_UnderTheInfluence_Caffeine_2012_L.jpg20171014233043' />
<item key='GWight_UnderTheInfluence_Caffeine_2012_S.jpg20171014232901' />
<item key='GWight_UnderTheInfluence_Chloral-hydrate_2012_L.jpg20171014232849' />
<item key='GWight_UnderTheInfluence_Chloral-hydrate_2012_S.jpg20171014232841' />
<item key='GWight_UnderTheInfluence_LSD_2012_L.jpg20171014232831' />
<item key='GWight_UnderTheInfluence_LSD_2012_S.jpg20171014232824' />
<item key='GWight_UnderTheInfluence_LSDdetail_2012_L.jpg20171014232816' />
<item key='GWight_UnderTheInfluence_LSDdetail_2012_S.jpg20171014232809' />
<item key='GWight_UnderTheInfluence_Marijuana_2012_L.jpg20171014232757' />
<item key='GWight_UnderTheInfluence_Marijuana_2012_S.jpg20171014232741' />
<item key='GWight_UnderTheInfluence_Mescaline_2012_L.jpg20171014232733' />
<item key='GWight_UnderTheInfluence_Mescaline_2012_S.jpg20171014232726' />
<item key='GWight_UnderTheInfluence_Mescaline_detail_2012_L.jpg20171014232719' />
<item key='GWight_UnderTheInfluence_Mescaline_detail_2012_S.jpg20171014232712' />
<item key='GWight_UnderTheInfluence_SantaRosa_2014_L.jpg20171014232702' />
<item key='GWight_UnderTheInfluence_SantaRosa_2014_S.jpg20171014232643' />
<item key='GWight_UnderTheInfluence_UCB_2012_L.jpg20171014232617' />
<item key='GWight_UnderTheInfluence_UCB_2012_S.jpg20171014232548' />
</files>
</dirinfo>
